2019 Input-Output Analytical Tables,,,,,,,,,,,,,,,,,,,,,,,,,,,,,,,,,,,,,,,,,,,,,,,,,,,,,,,,,,,,,,,,,,,,,,,,,,,,,,,,,,,,,,,,,,,,,,,,,,,,,,,,,,,,,,,,,,,,,,,,,,,,
"Input-Output table (domestic use, basic prices, industry by industry), £ million",,,,,,,,,,,,,,,,,,,,,,,,,,,,,,,,,,,,,,,,,,,,,,,,,,,,,,,,,,,,,,,,,,,,,,,,,,,,,,,,,,,,,,,,,,,,,,,,,,,,,,,,,,,,,,,,,,,,,,,,,,,,
MENU,,,,,,,,,,,,,,,,,,,,,,,,,,,,,,,,,,,,,,,,,,,,,,,,,,,,,,,,,,,,,,,,,,,,,,,,,,,,,,,,,,,,,,,,,,,,,,,,,,,,,,,,,,,,,,,,,,,,,,,,,,,,
,SIC,A01,A02,A03,B05,B06 & B07,B08,B09,C101,C102_3,C104,C105,C106,C107,C108,C109,C1101T1106 & C12,C1107,C13,C14,C15,C16,C17,C18,C19,C203,C204,C205,C20A,C20B,C20C,C21,C22,C235_6,C23OTHER,C241T243,C244_5,C254,C25OTHER,C26,C27,C28,C29,C301,C303,C30OTHER,C31,C32,C3315,C3316,C33OTHER,D351,D352_3,E36,E37,E38,E39,"F41, F42  & F43",G45,G46,G47,H491_2,H493T495,H50,H51,H52,H53,I55,I56,J58,J59 & J60,J61,J62,J63,K64,K65.1-2 & K65.3,K66,L683,L68A,L68BXL683,M691,M692,M70,M71,M72,M73,M74,M75,N77,N78,N79,N80,N81,N82,O84,P85,Q86,Q87 & Q88,R90,R91,R92,R93,S94,S95,S96,T97,_T,P3 S1,P3 S13,P3 S14,P3 S15,P51G,P52,P53,P61EU,P61RW,P62,TU,,,,,,
,Industry,"Crop And Animal Production, Hunting And Related Service Activities  ",Forestry And Logging  ,Fishing And Aquaculture  ,Mining Of Coal And Lignite  ,Extraction Of Crude Petroleum And Natural Gas  & Mining Of Metal Ores,Other Mining And Quarrying  ,Mining Support Service Activities  ,Processing and preserving of meat and production of meat products,"Processing and preserving of fish, crustaceans, molluscs, fruit and vegetables",Manufacture of vegetable and animal oils and fats,Manufacture of dairy products,"Manufacture of grain mill products, starches and starch products",Manufacture of bakery and farinaceous products,Manufacture of other food products,Manufacture of prepared animal feeds,Manufacture of alcoholic beverages  & Tobacco Products,Manufacture of soft drinks; production of mineral waters and other bottled waters,Manufacture Of Textiles  ,Manufacture Of Wearing Apparel  ,Manufacture Of Leather And Related Products  ,"Manufacture Of Wood & Products Of Wood & Cork, Except Furniture; Manuf. Of Articles Of Straw",Manufacture Of Paper And Paper Products  ,Printing And Reproduction Of Recorded Media  ,Manufacture Of Coke And Refined Petroleum Products  ,"Manufacture of paints, varnishes and similar coatings, printing ink and mastics","Manufacture of soap & detergents, cleaning & polishing, perfumes & toilet preparations",Manufacture of other chemical products,"Manufacture of industrial gases, inorganics and fertilisers (inorganic chemicals) - 20.11/13/15",Manufacture of petrochemicals - 20.14/16/17/60,"Manufacture of dyestuffs, agro-chemicals - 20.12/20",Manufacture Of Basic Pharmaceutical Products And Pharmaceutical Preparations,Manufacture Of Rubber And Plastic Products  ,"Manufacture of cement, lime, plaster and articles of concrete, cement and plaster","Manufacture of glass, refractory, clay, porcelain, ceramic, stone products - 23.1-4/7-9",Manufacture of basic iron and steel,Manufacture of other basic metals and casting,Manufacture of weapons and ammunition,"Manufacture of fabricated metal products, excluding weapons & ammunition - 25.1-3/5-9","Manufacture Of Computer, Electronic And Optical Products  ",Manufacture Of Electrical Equipment  ,Manufacture Of Machinery And Equipment N.E.C.  ,"Manufacture Of Motor Vehicles, Trailers And Semi-Trailers  ",Building of ships and boats,Manufacture of air and spacecraft and related machinery,Manufacture of other transport equipment - 30.2/4/9,Manufacture Of Furniture  ,Other Manufacturing  ,Repair and maintenance of ships and boats,Repair and maintenance of aircraft and spacecraft,Rest of repair; Installation - 33.11-14/17/19/20,"Electric power generation, transmission and distribution",Manufacture of gas; distribution of gaseous fuels through mains; steam and aircon supply,"Water Collection, Treatment And Supply  ",Sewerage  ,"Waste Collection, Treatment And Disposal Activities; Materials Recovery  ",Remediation Activities And Other Waste Management Services  ,Construction,Wholesale And Retail Trade And Repair Of Motor Vehicles And Motorcycles  ,"Wholesale Trade, Except Of Motor Vehicles And Motorcycles  ","Retail Trade, Except Of Motor Vehicles And Motorcycles  ",Rail transport,"Land transport services and transport services via pipelines, excluding rail transport",Water Transport  ,Air Transport  ,Warehousing And Support Activities For Transportation  ,Postal And Courier Activities  ,Accommodation  ,Food And Beverage Service Activities  ,Publishing Activities  ,"Motion Picture, Video & TV Programme Production, Sound Recording & Music Publishing Activities & Programming And Broadcasting Activities",Telecommunications  ,"Computer Programming, Consultancy And Related Activities  ",Information Service Activities  ,"Financial Service Activities, Except Insurance And Pension Funding  ","Insurance, reinsurance and pension funding services, except compulsory social security",Activities Auxiliary To Financial Services And Insurance Activities  ,Real estate services on a fee or contract basis  ,Owner-Occupiers' Housing,"Buying and selling, renting and operating of own or leased real estate, excluding imputed rent",Legal activities  ,"Accounting, bookkeeping and auditing activities; tax consultancy  ",Activities Of Head Offices; Management Consultancy Activities  ,Architectural And Engineering Activities; Technical Testing And Analysis  ,Scientific Research And Development  ,Advertising And Market Research  ,"Other Professional, Scientific And Technical Activities  ",Veterinary Activities  ,Rental And Leasing Activities  ,Employment Activities  ,"Travel Agency, Tour Operator And Other Reservation Service And Related Activities  ",Security And Investigation Activities  ,Services To Buildings And Landscape Activities  ,"Office Administrative, Office Support And Other Business Support Activities  ",Public Administration And Defence; Compulsory Social Security  ,Education  ,Human Health Activities,Residential Care  & Social Work Activities,"Creative, Arts And Entertainment Activities  ","Libraries, Archives, Museums And Other Cultural Activities  ",Gambling And Betting Activities  ,Sports Activities And Amusement And Recreation Activities  ,Activities Of Membership Organisations  ,Repair Of Computers And Personal And Household Goods  ,Other Personal Service Activities  ,Activities Of Households As Employers Of Domestic Personnel  ,Total,Final consumption expenditure,Final consumption expenditure by government,Final consumption expenditure by households,Final consumption expenditure by non-profit organisations serving households (NPISH),Gross fixed capital formation,Changes in inventories,Acquisitions less disposals of valuables,Exports of goods to EU,Exports of goods to rest of the world,Exports of Services,Total Use,,,,,,
SIC,Industry,,,,,,,,,,,,,,,,,,,,,,,,,,,,,,,,,,,,,,,,,,,,,,,,,,,,,,,,,,,,,,,,,,,,,,,,,,,,,,,,,,,,,,,,,,,,,,,,,,,,,,,,,,,,,,,,,,,,,,,,,,,
A01,"Crop And Animal Production, Hunting And Related Service Activities  ","4,635",1,1,0,4,4,2,"4,279","1,142",0,"3,247",719,4,118,862,279,2,1,1,8,2,5,2,2,1,1,1,1,12,1,177,6,6,2,3,1,0,9,3,3,8,7,1,8,1,7,2,0,0,7,83,5,2,1,7,1,248,13,66,66,9,34,4,20,18,4,23,25,5,12,8,25,3,38,11,9,3,22,42,9,5,21,56,7,21,28,1,9,4,15,1,4,18,49,33,65,49,4,1,20,5,3,1,4,0,"16,830","9,015",21,"8,983",11,"1,747",826,0,"1,433",527,495,"30,872",,,,,,
A02,Forestry And Logging  ,95,272,0,0,1,0,0,0,0,0,0,0,0,0,0,0,0,0,0,0,177,160,0,0,0,0,0,0,0,0,0,0,0,0,0,0,0,2,0,0,1,1,0,0,0,0,0,0,0,0,116,0,0,0,1,0,9,1,2,4,2,2,1,5,2,1,2,2,0,2,1,3,0,4,2,1,0,1,7,1,1,2,1,0,2,1,0,1,1,4,0,1,1,6,5,4,3,0,0,1,1,0,1,0,0,923,378,33,336,9,5,526,0,17,10,58,"1,916",,,,,,
A03,Fishing And Aquaculture  ,0,0,0,0,0,0,0,0,937,0,0,0,0,0,0,0,0,0,0,0,0,0,0,0,0,0,0,0,0,0,0,0,0,0,0,0,0,0,0,0,0,0,0,0,0,0,0,0,0,0,0,0,0,0,0,0,2,0,0,1,0,0,1,1,1,0,26,277,0,0,0,0,0,0,0,0,0,0,0,0,0,0,0,2,0,0,0,0,0,0,0,0,0,1,1,1,0,0,0,0,0,0,0,0,0,"1,260",56,4,51,1,5,92,-7,455,262,60,"2,183",,,,,,
B05,Mining Of Coal And Lignite  ,0,0,0,0,0,0,0,0,0,0,0,0,0,0,0,0,0,0,0,0,0,0,0,0,0,0,0,0,0,0,0,0,0,0,0,0,0,0,0,0,0,0,0,0,0,0,0,0,0,0,0,0,0,0,0,0,1,0,0,0,0,0,0,0,0,0,0,0,0,0,0,0,0,0,0,0,0,0,5,0,0,0,0,0,0,0,0,0,0,0,0,0,0,0,0,0,0,0,0,0,0,4,0,0,0,11,144,0,144,0,1,123,0,47,40,0,366,,,,,,
B06 & B07,Extraction Of Crude Petroleum And Natural Gas  & Mining Of Metal Ores,8,0,0,0,316,12,2,6,4,1,3,2,3,6,2,4,2,1,0,0,3,5,3,550,1,2,2,5,4,1,9,5,9,4,5,4,3,18,6,6,23,17,1,26,1,2,3,0,0,3,"1,173",729,4,0,11,0,229,13,85,32,2,30,1,2,8,2,5,11,3,6,2,4,1,30,6,5,1,29,43,3,0,10,172,29,2,6,0,3,0,3,0,2,5,30,18,51,6,2,0,0,5,1,1,1,0,"3,911",217,0,215,2,314,"1,217",0,"14,555","9,221",267,"29,703",,,,,,
B08,Other Mining And Quarrying  ,20,0,0,0,1,180,0,2,2,0,1,1,2,8,1,19,10,1,0,0,2,3,1,1,3,1,5,72,5,0,2,10,174,341,3,1,0,282,1,4,3,6,4,2,0,1,7,0,0,1,16,1,5,0,10,0,"3,272",5,35,26,4,24,1,4,7,2,4,9,2,3,2,6,1,8,2,2,1,22,14,2,1,3,10,3,4,7,0,3,1,1,0,35,8,26,26,27,5,3,3,0,5,4,0,4,0,"4,851",182,0,181,1,37,-155,6,689,202,89,"5,901",,,,,,
B09,Mining Support Service Activities  ,5,0,0,0,"2,128",378,"1,062",5,4,0,3,1,4,6,2,5,2,1,0,0,2,5,2,1,1,1,1,2,2,0,3,5,9,2,2,1,0,6,2,2,6,5,0,6,0,2,2,0,0,1,3,2,1,0,4,0,39,9,83,48,2,56,1,2,12,4,3,5,4,6,3,9,2,16,3,4,1,6,4,2,1,5,41,8,7,14,0,5,1,2,0,1,14,17,15,30,9,2,0,0,2,2,0,1,0,"4,193",186,0,185,1,53,75,0,6,6,783,"5,302",,,,,,
C101,Processing and preserving of meat and production of meat products,46,1,6,0,8,3,3,"3,759",17,34,13,44,89,744,180,47,8,0,1,10,7,7,3,7,1,1,0,0,7,1,3,7,4,1,0,4,4,1,71,48,134,34,2,4,0,5,1,0,1,0,11,3,4,0,3,0,13,132,501,156,7,214,20,9,215,20,340,"2,230",13,23,13,72,7,18,3,5,0,0,33,2,2,2,3,5,10,15,1,1,15,14,3,18,11,68,448,243,242,9,2,21,37,11,19,19,0,"10,659","7,004",0,"7,003",1,26,16,0,"1,439",565,258,"19,967",,,,,,
C102_3,"Processing and preserving of fish, crustaceans, molluscs, fruit and vegetables",8,0,0,0,5,4,2,38,567,1,30,47,171,726,12,80,151,3,0,0,3,5,2,3,1,2,1,1,5,0,6,7,5,1,2,2,3,4,42,28,90,26,2,6,0,5,3,0,0,1,8,2,3,0,4,0,27,87,29,108,64,191,7,6,187,12,372,845,56,18,8,46,6,54,7,5,1,1,31,2,2,3,7,6,8,11,1,2,9,7,2,12,138,36,207,122,169,5,0,15,84,10,12,9,0,"5,171","2,919",2,"2,916",1,31,16,0,938,400,151,"9,626",,,,,,
C104,Manufacture of vegetable and animal oils and fats,0,0,0,0,1,0,0,1,18,0,0,51,61,42,9,0,0,0,0,0,0,0,0,0,0,0,0,0,0,0,0,1,0,0,1,0,0,0,2,0,4,1,0,0,0,0,0,0,0,0,0,0,0,0,0,0,1,4,2,4,0,9,0,0,0,1,10,145,1,1,1,3,0,5,0,0,0,0,12,0,0,0,0,0,0,1,0,0,0,0,0,1,7,1,16,9,19,0,0,1,6,1,1,0,0,462,178,0,178,0,2,-11,0,138,26,9,803,,,,,,
C105,Manufacture of dairy products,10,0,0,0,5,2,2,31,33,1,655,14,412,311,2,27,4,1,0,0,3,5,3,4,1,0,0,0,4,0,5,7,2,0,1,3,3,2,13,9,12,6,0,3,0,2,2,0,0,0,7,0,3,0,3,0,14,83,4,94,3,104,13,5,101,11,195,470,53,16,7,43,4,30,3,27,0,0,25,0,0,1,2,3,6,7,0,0,8,7,2,12,5,7,171,48,48,5,0,24,55,8,14,9,0,"3,366","4,506",0,"4,505",0,16,352,0,"1,132",382,152,"9,905",,,,,,
C106,"Manufacture of grain mill products, starches and starch products",7,0,1,0,1,0,0,171,26,2,2,565,682,153,587,501,4,1,0,0,1,4,1,1,2,1,1,0,6,0,1,8,1,0,1,0,0,1,4,1,7,4,0,1,0,0,1,0,0,0,1,0,0,0,0,0,6,6,2,18,0,13,0,1,5,1,16,429,3,2,1,5,0,7,0,2,0,0,19,0,2,1,3,5,0,1,0,0,1,0,0,1,9,7,112,36,88,1,0,2,29,1,1,1,0,"3,598","1,399",0,"1,399",0,20,99,0,722,296,66,"6,200",,,,,,
C107,Manufacture of bakery and farinaceous products,12,1,0,0,5,3,4,42,29,3,12,35,171,272,23,56,19,3,0,0,6,6,4,3,1,1,2,1,5,0,10,8,3,0,1,2,2,1,54,37,107,30,1,5,0,6,1,0,0,0,9,3,5,0,5,0,15,110,3,111,6,238,17,6,240,17,173,"1,342",68,20,9,53,5,31,5,15,0,1,33,1,1,1,3,8,8,9,1,1,12,9,2,15,69,5,186,90,140,6,1,14,77,10,17,16,0,"4,227","4,919",0,"4,918",1,31,33,0,605,320,154,"10,289",,,,,,
C108,Manufacture of other food products,10,1,1,0,5,5,4,423,214,4,89,319,502,"1,645",54,75,325,4,1,2,13,10,9,3,1,38,2,2,5,1,8,13,6,2,4,3,5,9,39,28,81,32,1,10,1,5,4,0,0,2,9,1,3,0,8,0,49,75,59,94,12,153,9,6,142,11,324,"2,368",44,23,9,39,5,66,10,33,0,1,41,1,3,1,12,26,5,8,1,2,8,7,1,32,39,31,315,225,403,20,1,24,131,27,10,25,0,"8,975","5,553",3,"5,549",2,99,4,0,"2,486","1,472",325,"18,915",,,,,,
C109,Manufacture of prepared animal feeds,"1,469",1,247,0,2,1,1,14,8,0,6,13,18,18,"1,039",7,3,1,1,1,5,5,4,1,1,2,1,1,4,0,5,6,2,2,3,1,2,6,4,4,10,12,1,6,0,2,2,0,0,1,3,0,0,0,2,0,36,3,10,6,1,6,1,1,4,1,8,47,5,27,1,4,1,3,1,2,0,1,32,1,0,1,5,6,1,2,1,1,0,0,0,2,4,11,12,23,7,11,4,3,35,15,0,1,0,"3,293","2,502",2,"2,500",0,38,66,0,569,363,162,"6,994",,,,,,
C1101T1106 & C12,Manufacture of alcoholic beverages  & Tobacco Products,12,1,1,0,4,2,1,12,7,1,7,9,11,14,9,223,5,3,2,0,4,7,5,2,1,3,3,2,5,1,10,8,4,3,6,2,2,13,7,7,18,24,2,11,1,3,4,0,0,3,5,1,1,0,3,0,68,4,22,13,1,9,1,3,7,1,656,"2,341",7,8,3,7,2,6,1,3,0,1,4,1,1,2,6,6,2,3,1,2,1,1,0,3,5,23,17,39,9,1,1,1,4,2,0,3,0,"3,799","4,498",2,"4,495",1,64,-23,0,873,"1,484",337,"11,030",,,,,,
C1107,Manufacture of soft drinks; production of mineral waters and other bottled waters,1,0,0,0,0,1,0,3,11,0,2,7,11,41,0,14,260,0,0,0,1,1,0,0,0,0,0,0,0,0,1,2,1,0,0,0,0,2,1,1,3,2,0,1,0,1,1,0,0,0,1,1,0,0,1,0,20,6,23,41,1,12,4,3,12,1,161,"1,006",3,382,4,9,0,41,4,15,1,1,37,5,3,3,4,1,5,3,0,2,1,1,0,1,7,20,75,18,60,1,19,11,43,13,0,3,0,"2,463","2,620",0,"2,616",4,29,82,0,324,142,237,"5,898",,,,,,
C13,Manufacture Of Textiles  ,8,0,0,0,3,1,1,6,4,0,4,2,6,6,2,3,5,2,178,0,2,7,9,1,1,5,2,1,6,0,6,11,2,1,2,1,2,8,6,4,10,132,1,8,0,4,35,0,0,5,4,2,0,0,6,0,245,3,220,24,3,8,1,1,7,1,3,18,20,4,3,6,4,13,5,6,1,6,19,3,1,2,4,11,2,122,1,2,1,2,0,6,3,46,62,116,7,2,1,1,6,3,0,50,0,"1,595","2,506",1,"2,505",1,678,-5,4,"1,169",707,394,"7,049",,,,,,
C14,Manufacture Of Wearing Apparel  ,2,0,0,0,1,1,0,2,1,0,1,1,1,2,1,1,1,0,1,0,1,1,1,0,0,1,0,0,1,0,2,1,1,1,1,0,0,2,1,1,3,4,0,2,0,1,1,0,0,0,1,0,0,0,1,0,16,1,11,7,0,5,1,1,2,0,1,5,1,2,1,2,0,9,2,8,0,1,13,1,0,1,2,2,1,3,0,1,0,0,0,1,2,111,16,66,12,1,0,1,1,2,0,1,0,362,725,0,725,0,16,38,3,502,533,"1,727","3,906",,,,,,
C15,Manufacture Of Leather And Related Products  ,1,0,0,0,0,0,0,4,1,0,1,0,0,1,1,1,0,0,0,0,0,1,1,0,0,0,0,0,1,0,1,1,0,0,1,0,0,1,1,1,2,3,0,1,0,0,0,0,0,0,1,0,0,0,0,0,13,3,3,1,0,1,0,0,1,0,1,5,1,1,0,0,0,0,2,9,0,0,23,0,0,0,0,1,0,0,0,1,0,0,0,0,0,90,1,4,1,0,0,1,0,0,2,0,0,200,39,0,39,0,12,67,0,30,30,613,991,,,,,,
C16,"Manufacture Of Wood & Products Of Wood & Cork, Except Furniture; Manuf. Of Articles Of Straw",4,0,0,0,20,1,0,4,2,0,2,1,2,3,1,2,1,1,1,0,2,317,2,0,2,1,1,1,1,0,6,2,1,1,2,0,8,21,3,10,8,110,48,13,0,703,109,3,0,34,3,1,0,0,6,0,"4,453",2,12,12,2,5,1,2,4,1,3,9,5,4,2,8,2,10,7,18,1,169,32,2,1,2,3,4,3,5,0,1,0,1,0,281,5,31,78,18,5,8,0,1,3,4,11,64,0,"6,760",874,0,873,1,139,514,4,402,144,80,"8,918",,,,,,
C17,Manufacture Of Paper And Paper Products  ,75,1,4,0,5,4,1,85,50,5,41,104,189,215,68,71,5,2,17,3,15,7,43,1,1,92,33,15,3,1,73,107,34,11,4,1,1,67,48,44,11,53,3,30,1,23,32,1,0,3,12,15,3,2,71,1,244,51,221,273,4,87,6,7,147,63,90,161,"1,108",74,57,107,281,188,44,158,23,23,56,97,37,66,42,96,118,134,28,20,25,66,8,128,3,571,568,589,117,9,22,59,142,73,4,212,0,"8,508","1,410",0,"1,409",0,61,106,12,"1,238",591,146,"12,073",,,,,,
C18,Printing And Reproduction Of Recorded Media  ,16,1,1,0,4,1,1,13,8,1,7,13,24,27,9,12,3,2,4,1,3,8,749,1,1,12,4,2,1,0,16,14,5,2,2,1,1,12,9,8,10,20,2,9,0,7,10,1,0,3,7,3,1,1,34,0,92,62,928,872,3,19,8,4,33,9,17,29,"1,133",53,81,37,34,325,384,220,5,27,12,114,6,12,9,24,33,24,4,7,5,97,1,32,8,734,993,880,95,20,81,12,200,13,1,27,0,"8,925","1,228",0,"1,227",1,138,-249,60,426,347,163,"11,039",,,,,,
C19,Manufacture Of Coke And Refined Petroleum Products  ,850,20,52,8,40,116,0,57,11,2,25,6,29,15,38,32,5,6,6,1,28,38,7,472,0,0,0,0,298,4,2,18,112,143,1,6,1,58,3,7,17,7,6,11,1,21,24,5,4,138,4,0,28,18,79,11,"1,985",305,"2,142",702,196,"1,219",553,5,364,385,43,32,18,94,78,50,3,327,57,216,17,5,110,18,47,95,77,29,16,113,17,203,26,210,43,112,158,365,330,265,233,9,14,0,52,98,9,44,0,"14,384","7,528",0,"7,528",0,23,316,0,"5,033","3,269",179,"30,733",,,,,,
C203,"Manufacture of paints, varnishes and similar coatings, printing ink and mastics",26,0,0,0,2,2,1,4,2,0,2,1,2,3,1,2,2,2,1,1,29,76,4,2,4,2,3,1,16,1,5,22,3,2,2,1,2,71,4,3,36,311,6,12,2,13,2,8,2,21,3,0,1,0,11,0,709,1,7,4,0,3,0,1,2,0,3,11,236,3,1,2,1,3,2,12,0,5,26,0,0,1,7,18,1,1,0,1,0,0,0,2,2,62,46,15,18,1,0,0,7,1,2,1,0,"1,951",77,0,76,1,63,34,3,685,492,88,"3,392",,,,,,
C204,"Manufacture of soap & detergents, cleaning & polishing, perfumes & toilet preparations",123,1,1,0,2,2,1,8,4,0,8,2,4,5,2,3,3,2,1,1,9,11,6,2,3,256,3,2,12,1,9,16,3,3,3,1,3,10,4,5,11,20,1,7,1,2,3,0,0,2,9,1,3,0,21,1,59,2,37,120,1,5,1,2,3,1,4,83,9,5,2,4,1,9,1,13,0,1,24,1,0,1,8,12,7,3,5,1,0,1,0,149,4,69,143,88,127,6,4,0,14,4,0,133,0,"1,783","2,976",24,"2,951",1,50,-39,2,"1,824","1,189",379,"8,164",,,,,,
C205,Manufacture of other chemical products,18,1,0,4,3,18,17,7,5,0,4,5,8,10,4,6,8,5,2,25,209,133,109,7,10,8,10,4,54,1,12,138,43,4,3,1,57,35,11,7,13,47,2,13,1,12,5,1,0,3,8,1,2,2,5,1,227,3,21,17,1,10,1,1,5,1,5,24,25,34,3,6,1,5,3,5,0,3,24,1,1,2,110,38,3,5,1,2,0,1,0,29,9,32,25,208,11,2,1,1,3,3,0,5,0,"2,046",236,13,221,2,123,427,5,"1,593","1,446",183,"6,059",,,,,,
C20A,"Manufacture of industrial gases, inorganics and fertilisers (inorganic chemicals) - 20.11/13/15",434,0,0,1,13,7,2,2,1,0,1,2,1,3,1,9,19,12,0,2,15,12,8,8,73,3,12,10,170,2,10,119,9,47,2,4,8,45,5,8,11,46,2,12,0,3,5,0,0,6,309,2,97,0,4,0,71,1,12,7,1,5,0,1,2,0,2,5,3,4,1,3,1,4,3,1,0,2,32,1,0,1,28,9,2,3,0,3,0,0,0,6,5,18,5,185,2,4,0,0,1,5,4,1,0,"2,023",355,1,354,0,22,-14,0,795,619,447,"4,247",,,,,,
C20B,Manufacture of petrochemicals - 20.14/16/17/60,76,1,1,0,3,34,2,12,8,0,9,2,9,10,4,5,73,89,1,5,25,31,20,120,217,35,193,45,"1,195",26,121,"1,547",53,41,7,4,7,19,74,64,17,330,14,92,1,29,58,4,0,4,13,2,18,5,11,0,132,5,63,36,2,21,2,2,10,2,5,21,12,8,4,11,2,12,3,6,1,3,20,2,1,5,332,118,5,8,3,3,1,1,0,8,12,33,19,90,10,4,1,1,3,4,2,5,0,"5,841",303,38,263,2,109,212,0,"2,390","2,009",502,"11,366",,,,,,
C20C,"Manufacture of dyestuffs, agro-chemicals - 20.12/20","1,179",0,0,0,0,0,0,1,1,0,0,0,0,1,0,1,1,1,0,0,2,32,1,1,2,1,1,1,9,0,1,10,1,1,0,0,0,3,1,1,2,7,0,1,0,1,1,0,0,1,6,0,7,0,1,0,15,0,3,2,0,2,0,0,1,0,1,2,4,5,0,1,0,3,2,1,0,0,26,0,0,0,3,17,1,1,0,0,0,0,0,1,1,23,5,8,1,0,0,0,0,0,0,1,0,"1,413",34,1,33,1,48,-46,0,481,291,51,"2,273",,,,,,
C21,Manufacture Of Basic Pharmaceutical Products And Pharmaceutical Preparations,322,1,3,0,4,3,4,5,5,0,4,5,8,20,15,3,5,2,2,3,22,17,12,2,2,17,2,1,8,1,630,19,6,2,3,1,7,8,9,4,101,13,1,6,1,3,10,1,0,4,39,6,1,1,5,0,54,9,31,33,7,13,4,4,12,2,9,42,6,25,11,28,5,24,6,11,2,2,36,5,3,10,19,681,18,32,338,6,3,3,0,15,39,194,56,"4,996",71,7,1,3,8,62,0,11,0,"8,334","8,228","4,441","3,777",10,503,679,24,"4,072","5,424",571,"27,833",,,,,,
C22,Manufacture Of Rubber And Plastic Products  ,542,2,7,1,27,39,3,364,196,9,268,8,306,210,5,23,422,18,10,1,7,464,419,5,8,15,10,15,41,2,298,59,13,7,13,2,12,153,295,216,287,"1,036",33,267,4,62,77,6,2,92,25,3,4,2,270,2,"3,153",27,429,944,6,396,9,5,212,4,11,62,69,16,18,61,10,89,31,74,2,15,27,11,2,6,21,90,8,15,2,9,2,6,1,153,14,201,150,409,87,128,4,3,15,28,7,67,0,"13,795",677,1,672,3,484,-10,34,"4,884","2,858",509,"23,231",,,,,,
C235_6,"Manufacture of cement, lime, plaster and articles of concrete, cement and plaster",3,0,0,0,3,32,1,3,2,0,2,1,2,7,1,16,8,1,0,0,5,6,3,1,1,7,33,1,2,0,3,10,52,131,5,1,3,102,4,5,11,20,4,8,0,2,2,0,0,2,5,2,2,3,24,0,"6,659",3,19,17,4,11,1,1,4,1,4,11,7,3,2,5,1,5,1,3,0,109,22,1,1,2,7,6,2,4,0,2,0,1,0,2,7,95,114,39,4,12,18,1,29,11,0,4,0,"7,794",145,0,144,1,44,114,2,236,129,59,"8,523",,,,,,
C23OTHER,"Manufacture of glass, refractory, clay, porcelain, ceramic, stone products - 23.1-4/7-9",21,0,0,0,5,173,1,8,5,0,7,1,6,77,1,250,131,1,2,0,17,12,9,1,2,1,2,2,6,0,13,97,5,9,32,1,3,24,14,45,14,53,56,14,1,3,4,0,0,4,12,1,2,0,91,0,"2,962",14,24,81,6,14,1,1,7,1,34,72,5,3,2,7,1,6,2,3,0,105,21,1,1,2,6,15,2,4,0,3,1,1,0,5,4,64,72,46,4,14,8,0,3,19,1,54,0,"4,946",393,0,391,1,146,8,1,"1,087",689,100,"7,369",,,,,,
C241T243,Manufacture of basic iron and steel,2,1,0,3,117,3,2,3,2,0,2,1,3,3,0,2,10,2,0,0,2,4,6,1,0,1,0,1,0,1,10,1,76,3,8,0,38,8,72,47,53,"1,315",44,"1,090",25,63,58,49,1,86,53,7,4,0,279,0,863,3,14,10,2,3,0,1,2,0,2,4,0,1,2,6,0,4,4,2,0,1,19,1,0,1,2,11,1,1,0,9,0,0,1,17,3,11,6,6,3,5,12,1,2,1,1,0,0,"4,603",237,0,236,1,62,516,52,"1,876","1,198",37,"8,582",,,,,,
C244_5,Manufacture of other basic metals and casting,7,0,0,0,8,1,1,2,4,0,1,1,2,3,1,2,2,1,0,0,2,3,3,1,1,1,2,1,1,0,3,3,3,2,117,2,148,13,318,4,133,612,7,741,5,49,100,0,17,82,405,2,18,0,8,0,"1,306",3,19,15,2,12,1,20,4,1,2,4,6,2,2,4,2,5,2,2,0,1,31,1,1,1,2,13,1,2,0,2,0,1,0,3,5,13,8,13,4,1,0,1,2,1,2,1,0,"4,362",153,1,152,1,85,-45,"1,282",94,87,67,"6,085",,,,,,
C254,Manufacture of weapons and ammunition,3,0,1,2,31,11,8,11,6,0,6,3,6,7,4,10,7,4,2,0,5,4,6,10,3,3,3,2,5,3,6,16,11,9,13,2,11,21,7,5,13,62,0,19,2,4,5,0,1,37,74,43,4,1,7,0,15,16,32,63,75,8,3,1,34,2,5,30,4,7,27,10,5,2,1,2,0,0,2,3,3,9,3,78,1,5,1,22,1,2,2,4,19,"1,713",4,25,22,2,2,9,13,2,0,5,0,"2,832",88,0,84,4,543,-101,0,147,402,113,"4,023",,,,,,
C25OTHER,"Manufacture of fabricated metal products, excluding weapons & ammunition - 25.1-3/5-9",45,2,7,4,369,18,23,26,16,1,19,5,41,125,7,19,112,8,4,5,71,98,221,12,4,97,42,4,11,4,220,26,39,124,383,4,368,"1,172",493,221,"1,981","1,719",21,"1,257",6,103,210,8,5,164,376,60,12,1,625,0,"5,604",102,97,188,86,33,8,10,51,4,10,46,21,20,39,33,9,28,16,47,2,138,39,9,5,17,74,23,10,19,2,40,2,5,3,93,368,118,81,146,43,8,5,11,21,6,3,10,0,"18,777","2,703",1,"2,700",3,"3,894",725,50,"3,346","2,883",346,"32,724",,,,,,
C26,"Manufacture Of Computer, Electronic And Optical Products  ",18,2,3,6,119,34,30,38,23,1,23,11,22,25,18,32,26,13,9,4,19,29,62,30,9,9,22,11,17,8,65,54,35,39,40,7,56,66,918,67,179,261,9,206,10,20,91,1,6,159,437,127,17,3,28,0,616,57,492,363,230,74,34,10,182,15,50,131,72,326,350,204,75,76,12,43,1,10,62,25,18,31,452,245,50,36,7,77,3,80,7,107,122,"1,557",337,603,111,110,24,27,61,110,3,48,0,"11,314","1,643",0,"1,629",14,"3,400",376,162,"2,942","3,452",518,"23,806",,,,,,
C27,Manufacture Of Electrical Equipment  ,11,1,1,1,39,10,5,12,7,0,9,3,8,12,4,11,13,4,2,0,6,10,11,6,2,4,4,3,7,2,16,16,8,8,15,2,99,31,51,17,56,146,3,"1,079",2,6,74,0,0,37,257,30,4,0,23,0,"3,558",25,62,154,38,25,3,5,25,2,10,38,7,22,21,18,5,53,8,25,1,16,30,5,3,8,17,54,5,6,1,100,1,3,24,12,19,380,67,69,52,5,8,5,30,5,29,6,0,"7,254","1,743",1,"1,738",4,822,-13,13,"1,702","1,474",186,"13,182",,,,,,
C28,Manufacture Of Machinery And Equipment N.E.C.  ,41,23,8,44,"1,404",122,83,83,43,4,45,32,88,84,28,100,232,68,17,1,73,86,142,63,18,22,22,29,40,26,232,101,104,98,113,16,254,185,152,353,978,561,47,293,13,45,125,3,5,227,"1,221",388,105,5,270,0,"1,996",236,445,476,439,110,21,18,215,18,38,206,50,74,185,114,37,68,14,34,2,14,44,26,22,62,57,241,23,38,7,329,5,16,24,375,135,304,82,242,144,24,15,61,105,21,7,33,0,"16,217","1,848",0,"1,835",13,"1,301",711,42,"7,901","9,585",712,"38,316",,,,,,
C29,"Manufacture Of Motor Vehicles, Trailers And Semi-Trailers  ",5,123,0,2,61,13,4,4,3,0,4,1,8,9,2,6,18,3,1,0,4,7,9,2,3,2,2,21,2,1,15,4,17,18,9,1,16,24,30,20,167,"1,219",5,50,2,19,10,0,3,123,54,13,5,18,59,0,585,"5,407",340,140,12,"1,193",2,5,376,99,5,11,4,15,42,53,24,92,40,88,2,27,39,7,4,73,53,772,11,16,0,676,38,3,15,29,23,147,104,139,202,4,7,2,14,8,6,3,0,"13,179","1,467",0,"1,423",44,"6,048","1,040",5,"17,964","22,530","1,029","63,261",,,,,,
C301,Building of ships and boats,1,0,11,0,176,0,9,0,0,0,0,0,0,1,0,0,0,0,0,0,0,1,1,0,0,0,0,0,0,0,1,0,0,0,1,0,1,3,3,1,5,25,472,3,0,1,1,35,0,6,2,0,0,0,2,0,25,1,3,4,1,1,103,1,2,0,1,2,0,1,1,4,0,2,2,7,0,1,30,1,0,1,2,14,1,2,0,1,0,0,0,1,2,184,2,3,1,1,0,0,0,0,0,0,0,"1,175",675,0,675,1,635,-84,0,410,"1,591",78,"4,480",,,,,,
C303,Manufacture of air and spacecraft and related machinery,9,0,0,1,21,6,3,7,5,0,5,1,6,8,2,8,10,2,1,1,6,10,9,1,1,2,2,1,2,1,11,7,8,3,9,1,13,16,27,10,33,63,4,"1,139",2,5,9,1,"1,652",11,33,7,4,0,16,0,252,14,60,54,7,32,2,423,14,3,5,11,5,12,9,41,4,36,18,14,2,15,41,7,4,13,85,341,13,24,0,9,2,3,1,8,29,"2,830",22,50,11,10,1,2,5,5,1,3,0,"7,767",489,0,469,20,"2,055","-1,295",40,"6,663","9,732","1,465","26,917",,,,,,
C30OTHER,Manufacture of other transport equipment - 30.2/4/9,3,0,0,1,12,4,3,5,3,0,3,1,3,3,2,4,3,2,1,0,2,2,3,3,1,1,1,1,2,1,4,6,4,4,6,1,5,11,446,3,11,27,0,12,68,2,3,0,0,203,26,15,2,0,4,0,29,7,13,23,85,4,1,1,12,1,2,13,2,3,10,6,2,2,0,2,0,1,16,1,1,3,2,14,1,2,0,8,0,1,1,2,7,8,3,152,8,1,1,3,5,3,0,2,0,"1,393",69,0,68,1,80,518,1,273,159,114,"2,606",,,,,,
C31,Manufacture Of Furniture  ,4,1,0,0,6,1,1,3,2,0,3,1,2,3,1,2,3,1,1,0,4,5,14,1,1,1,1,1,2,0,4,4,1,1,3,1,2,13,8,4,13,22,19,9,1,42,3,0,1,5,6,2,0,0,5,0,427,27,26,23,3,9,1,2,5,1,3,10,18,3,3,5,1,20,9,9,0,5,20,3,1,2,3,17,2,3,0,5,1,2,0,5,4,364,150,117,56,1,2,1,21,6,2,2,0,"1,635","2,841",0,"2,840",1,"2,757",-202,3,734,513,122,"8,403",,,,,,
C32,Other Manufacturing  ,54,3,3,1,34,10,8,12,7,0,7,4,8,11,4,8,11,4,5,1,16,16,18,4,3,5,4,2,11,2,62,20,7,7,9,2,10,20,22,12,37,53,10,31,1,8,44,9,1,21,47,17,6,3,29,2,402,10,43,43,24,49,62,7,47,17,26,34,15,161,13,43,4,80,21,96,4,6,22,13,2,5,17,68,2,9,12,12,7,4,1,53,18,82,117,390,54,36,5,18,27,13,2,17,0,"2,979","1,429",102,"1,324",3,493,-43,527,"2,370","2,487",537,"10,780",,,,,,
C3315,Repair and maintenance of ships and boats,0,0,20,0,137,0,20,0,0,0,0,0,0,0,0,0,1,0,0,0,0,0,1,0,0,0,0,0,0,0,1,0,0,0,0,0,1,1,1,2,6,4,79,1,0,0,1,18,0,12,5,1,1,0,1,0,10,0,1,1,1,0,66,0,2,0,0,0,0,0,0,1,0,0,0,12,0,0,5,0,0,0,0,2,0,0,0,1,0,0,0,2,0,31,0,0,0,0,0,0,0,0,0,0,0,455,226,0,226,0,103,-10,0,107,307,114,"1,302",,,,,,
C3316,Repair and maintenance of aircraft and spacecraft,2,0,0,0,6,1,0,1,1,0,1,0,1,1,0,1,1,1,0,0,1,1,1,0,0,0,0,0,1,0,2,1,1,1,1,0,1,2,2,2,6,4,0,328,0,0,1,0,291,2,5,2,1,0,2,0,21,1,6,6,1,2,0,"1,710",2,0,1,4,1,1,2,7,1,4,1,2,0,1,3,1,1,2,8,13,1,1,0,2,0,0,0,2,3,112,3,7,2,1,0,0,1,1,0,0,0,"2,619",162,0,161,1,95,-47,0,287,409,"1,324","4,851",,,,,,
C33OTHER,Rest of repair; Installation - 33.11-14/17/19/20,35,2,9,16,306,94,68,103,54,2,52,28,59,65,39,88,69,37,15,0,41,38,55,86,24,25,27,19,48,24,65,143,95,81,117,22,97,182,156,57,140,547,3,182,29,39,50,2,2,354,661,376,40,5,66,0,245,140,305,553,653,78,24,23,294,19,42,275,43,66,233,78,46,17,3,13,1,4,25,29,27,76,29,58,14,45,10,197,5,14,14,41,163,59,36,266,185,21,18,78,115,17,1,43,0,"9,782",298,0,296,3,196,123,6,429,454,477,"11,765",,,,,,
D351,"Electric power generation, transmission and distribution",206,9,38,3,139,155,25,261,128,20,125,96,191,255,71,163,43,83,15,9,117,294,178,262,28,43,53,315,305,53,170,518,177,161,167,115,32,473,166,71,253,354,39,181,14,72,83,4,14,74,"40,815","7,671",454,97,100,7,"1,286",321,"1,127","3,103",292,158,21,33,490,62,859,"1,048",55,295,501,309,196,452,35,447,64,"1,120",300,153,74,170,138,129,97,233,25,60,125,174,21,140,180,809,889,"1,187",481,57,73,80,374,118,0,116,0,"74,440","20,254",0,"20,252",2,499,-53,0,128,0,348,"95,616",,,,,,
D352_3,Manufacture of gas; distribution of gaseous fuels through mains; steam and aircon supply,16,1,3,0,23,24,2,49,32,9,26,26,49,107,12,67,15,18,5,3,25,94,20,28,6,12,16,147,125,26,52,107,37,51,72,32,7,123,26,15,60,72,5,41,2,9,14,1,3,27,"8,836","6,262",35,7,16,1,348,73,143,390,23,20,2,12,68,17,150,284,7,50,46,35,19,79,6,55,11,84,115,42,14,35,23,26,15,23,5,17,19,24,3,20,28,248,302,410,177,9,20,42,97,38,0,35,0,"20,605","7,598",0,"7,597",1,138,40,0,13,2,62,"28,459",,,,,,
E36,"Water Collection, Treatment And Supply  ",19,1,3,1,11,12,7,46,34,3,26,34,21,43,9,60,25,11,4,2,9,35,16,35,5,12,30,33,29,13,19,25,17,16,19,3,2,48,15,8,18,23,5,18,2,6,18,1,2,6,137,19,956,378,178,1,313,76,169,327,14,29,12,6,66,28,289,271,5,15,19,40,8,14,123,6,24,10,135,38,25,42,47,16,36,27,6,29,6,10,8,42,61,350,257,192,243,21,22,21,148,28,11,97,0,"6,310","5,158",0,"5,157",1,233,-6,0,97,61,108,"11,961",,,,,,
E37,Sewerage  ,13,0,2,0,3,1,2,39,19,3,8,8,6,33,2,20,1,6,0,4,0,17,4,10,5,2,12,1,15,35,46,20,1,0,2,4,1,66,4,2,12,27,7,13,0,5,7,1,0,3,26,3,43,436,"1,827",0,303,39,105,126,1,31,0,3,32,17,81,64,1,3,2,11,2,11,8,17,9,6,19,6,1,16,27,5,1,26,1,18,0,2,1,85,42,732,63,401,69,1,3,17,34,1,2,14,0,"5,295","4,619",0,"4,618",0,81,-11,0,28,19,8,"10,038",,,,,,
E38,"Waste Collection, Treatment And Disposal Activities; Materials Recovery  ",206,3,11,0,19,15,17,79,35,7,35,9,31,64,14,120,30,8,4,7,29,78,17,95,12,14,2,3,42,4,5,26,27,3,273,1,9,44,16,12,10,125,24,82,7,16,6,6,3,19,8,4,79,42,"2,384",10,618,105,421,540,11,213,15,6,137,55,127,312,18,16,17,24,10,48,13,91,25,57,83,31,19,10,43,7,21,31,12,16,7,12,5,139,38,"1,059",155,813,131,9,26,64,100,21,7,72,0,"10,059","7,385","6,778",603,4,135,319,0,"1,610","3,580",274,"23,362",,,,,,
E39,Remediation Activities And Other Waste Management Services  ,0,0,0,0,0,0,0,0,0,0,0,0,0,0,0,0,0,0,0,0,0,0,0,0,0,0,0,0,0,0,0,0,0,0,0,0,0,0,0,0,0,2,0,1,0,0,0,0,0,0,0,0,0,0,289,80,1,0,0,1,0,0,0,0,0,0,0,0,0,2,0,0,0,0,0,0,0,0,19,0,0,0,0,0,0,0,0,0,0,0,0,0,0,334,32,0,0,0,0,0,4,0,0,0,0,769,5,0,5,0,1,1,0,2,1,0,779,,,,,,
"F41, F42  & F43",Construction,315,52,1,3,241,3,287,85,14,1,24,4,11,15,11,7,5,3,3,5,12,7,5,256,8,4,3,31,56,6,14,264,125,4,5,2,2,311,12,8,83,194,241,17,11,7,16,0,1,457,"2,999",561,261,345,218,1,"109,351",281,"2,659","1,591",24,60,12,43,449,29,100,319,20,69,94,108,40,"1,322",736,168,359,"7,246","11,598",30,14,"1,392",906,66,101,415,8,69,56,40,2,523,180,"5,076",796,"1,183",355,76,62,8,126,26,1,34,0,"155,859","5,825",0,"5,809",16,"176,422","-4,034",0,53,52,"3,737","337,914",,,,,,
G45,Wholesale And Retail Trade And Repair Of Motor Vehicles And Motorcycles  ,750,49,0,3,107,10,26,13,5,0,11,1,11,14,0,5,23,7,0,0,6,20,18,2,1,6,3,10,3,1,26,63,10,21,6,3,14,46,135,62,555,"4,016",11,24,138,9,18,1,0,158,70,17,59,25,182,0,586,"4,605","1,974","1,529",56,"1,860",18,12,172,417,61,111,12,17,20,142,32,427,229,97,3,11,40,39,55,41,23,21,8,4,1,"2,436",77,3,15,48,45,370,288,265,228,4,4,4,31,5,6,68,0,"23,301","26,346",0,"26,341",5,"4,833",-2,0,61,34,708,"55,281",,,,,,
G46,"Wholesale Trade, Except Of Motor Vehicles And Motorcycles  ","1,747",166,185,14,565,259,124,"1,421",907,76,707,503,531,"1,182",562,672,390,437,227,52,634,939,677,276,181,429,376,323,747,121,"1,375","1,160",415,461,850,343,267,"1,833","1,055",978,"2,653","3,361",243,"1,677",128,419,526,52,71,418,768,100,82,12,474,3,"10,008",402,"1,977","1,005",86,550,138,305,473,89,"1,003","4,412","1,018",746,310,580,199,590,96,303,39,175,367,89,47,151,656,477,180,301,121,223,232,90,57,437,418,"2,893","1,400","4,738",605,113,55,84,305,246,62,348,0,"74,356","19,484",1,"19,465",18,"8,189",-7,0,"21,972","22,213","5,728","151,936",,,,,,
G47,"Retail Trade, Except Of Motor Vehicles And Motorcycles  ",483,34,49,3,169,74,36,466,189,28,208,231,271,526,274,188,132,321,185,14,119,179,135,38,52,193,105,92,197,31,364,309,101,126,254,98,90,570,320,301,869,"1,826",71,538,49,150,243,20,21,161,216,31,31,7,166,2,"2,717",741,908,521,51,306,69,101,220,51,316,"1,440",581,"1,041",99,355,51,282,64,158,14,46,156,48,23,76,185,149,138,203,35,188,25,30,25,168,168,"1,159",829,"1,794",415,99,68,60,212,149,21,172,0,"28,680","131,002",247,"130,701",54,537,-2,133,14,171,"1,246","161,782",,,,,,
H491_2,Rail transport,0,2,0,9,25,16,5,4,0,0,2,0,0,0,0,15,0,5,0,0,0,1,4,0,0,1,0,0,0,0,1,2,7,7,31,0,1,13,30,3,0,31,0,0,5,4,2,0,0,5,1,0,0,0,0,0,14,1,2,4,"1,804",1,0,55,6,1,1,2,0,1,1,8,0,25,17,14,0,0,18,1,1,1,1,1,1,0,0,3,0,170,1,0,1,777,145,346,1,0,13,0,30,0,2,0,0,"3,712","11,188",0,"11,188",0,15,0,0,1,1,625,"15,542",,,,,,
H493T495,"Land transport services and transport services via pipelines, excluding rail transport",412,11,0,16,18,328,23,377,347,28,194,117,301,482,106,502,128,66,9,10,207,500,138,109,110,78,83,143,86,27,91,437,798,168,190,42,1,380,92,113,406,361,4,181,16,129,167,1,16,58,29,22,23,9,269,8,729,551,"7,821","4,381",147,"5,557",70,104,"1,019",361,105,234,259,118,95,68,26,518,149,137,6,2,184,71,18,64,231,76,54,268,15,373,14,97,16,104,342,663,"1,034","1,713",671,34,6,8,51,18,38,61,0,"37,645","12,095",30,"12,063",2,45,0,0,17,17,"2,207","52,025",,,,,,
H50,Water Transport  ,1,0,58,0,95,0,0,3,1,0,2,0,1,1,0,0,0,0,0,0,0,1,0,63,0,1,0,0,0,0,1,3,2,9,1,0,2,17,23,1,2,56,0,1,3,2,0,0,0,8,3,0,0,0,0,0,22,1,4,5,1,1,"1,040",1,930,1,2,6,1,2,1,5,0,52,12,43,0,1,3,1,0,1,1,0,1,1,0,1,0,16,0,0,1,33,5,23,2,0,0,0,1,1,0,1,0,"2,592","5,536",0,"5,535",1,22,0,0,7,7,"7,139","15,302",,,,,,
H51,Air Transport  ,1,0,0,0,118,2,0,0,0,0,1,0,0,4,0,4,0,5,0,0,0,3,0,0,0,0,0,0,0,0,33,2,0,0,56,0,0,2,5,0,1,2,0,23,9,16,4,0,1,1,2,1,0,0,14,0,36,185,9,17,2,2,484,"3,479","1,083",91,6,193,1,7,10,18,2,"1,256",167,86,1,1,12,4,232,403,2,3,480,122,0,2,183,"3,422",0,1,100,240,9,49,3,9,0,1,13,856,0,2,0,"13,594","2,915",0,"2,913",2,39,0,0,0,0,"10,166","26,714",,,,,,
H52,Warehousing And Support Activities For Transportation  ,25,1,94,0,11,2,5,57,18,2,13,9,11,36,7,42,9,27,56,8,16,25,15,2,16,35,37,4,56,8,744,93,11,34,8,17,3,70,176,59,726,"1,099",2,88,3,18,33,1,6,55,54,14,39,2,266,3,208,622,"7,880","6,097","1,714",631,"1,246",279,"7,129",679,18,261,64,54,242,960,66,"1,772",142,756,10,12,47,55,27,71,22,11,19,19,7,379,9,29,4,6,827,513,109,128,62,16,4,7,25,46,2,29,0,"37,583","6,809","3,510","3,295",4,394,-6,0,53,54,"7,081","51,969",,,,,,
H53,Postal And Courier Activities  ,82,2,3,0,5,1,17,30,63,2,16,1,34,106,24,102,21,37,22,22,50,33,54,4,26,100,16,14,91,31,106,73,35,76,23,38,6,104,161,70,53,35,2,14,1,71,105,2,3,49,191,41,32,0,10,5,58,149,"1,205","2,090",35,169,5,9,98,"2,028",19,21,252,98,99,98,264,"2,729",495,"2,000",31,3,57,190,94,225,33,26,53,59,27,103,29,115,8,11,323,"1,195",167,379,137,55,8,20,71,182,8,32,0,"17,879","1,011",0,"1,010",1,47,0,0,20,20,"2,051","21,027",,,,,,
I55,Accommodation  ,1,0,0,0,3,0,0,4,4,0,35,2,5,7,0,1,1,0,0,0,2,1,0,1,1,0,1,1,2,0,5,3,2,0,1,0,1,2,7,1,3,5,0,1,0,1,1,0,0,1,2,5,1,0,1,0,34,6,34,244,16,36,1,572,43,6,437,97,3,48,6,338,3,593,328,216,2,1,50,58,157,602,3,6,324,187,0,5,139,819,2,1,293,629,122,214,231,29,6,3,21,9,1,2,0,"7,099","13,345",0,"13,342",3,29,0,0,0,0,"10,172","30,644",,,,,,
I56,Food And Beverage Service Activities  ,5,1,2,0,30,2,2,45,47,1,452,25,68,90,3,7,14,3,5,1,28,9,1,6,12,5,7,6,26,5,65,35,20,4,10,4,14,12,92,9,35,32,2,7,3,3,9,1,1,8,9,63,5,0,4,1,32,31,334,221,142,26,5,217,102,10,412,"1,114",28,169,37,296,40,341,101,33,13,3,57,77,50,179,21,25,114,130,1,32,29,55,20,6,133,535,"1,189",751,615,127,82,25,256,117,8,16,0,"9,716","63,758",0,"63,751",7,46,0,0,0,0,"5,029","78,549",,,,,,
J58,Publishing Activities  ,9,0,0,0,7,1,1,7,6,2,9,6,11,17,9,35,7,4,12,3,3,6,4,1,4,14,5,1,5,0,17,10,2,3,11,7,5,8,9,26,25,52,2,48,2,4,12,0,1,26,16,9,9,1,9,0,84,89,225,312,12,14,6,15,23,5,36,54,562,445,75,168,29,203,29,34,20,19,24,24,17,39,20,64,224,51,3,36,35,30,3,7,34,247,319,43,119,16,16,45,79,177,2,15,0,"4,654","2,936",107,"2,826",2,"8,952",-274,0,901,883,"4,188","22,239",,,,,,
J59 & J60,"Motion Picture, Video & TV Programme Production, Sound Recording & Music Publishing Activities & Programming And Broadcasting Activities",20,1,1,0,12,2,2,10,12,1,12,15,27,40,14,83,18,11,13,6,5,7,8,2,10,33,2,2,3,1,37,21,4,6,4,2,4,17,18,11,61,130,3,14,4,9,19,0,1,8,31,9,2,1,37,0,175,216,548,749,24,25,14,33,42,5,108,116,156,"9,197",121,277,63,358,8,47,44,49,49,47,27,73,32,107,672,124,7,85,51,77,6,14,46,483,245,101,124,142,90,259,142,219,5,34,0,"16,462","12,970","3,617","9,329",23,"6,490",-542,71,296,308,"12,338","48,392",,,,,,
J61,Telecommunications  ,230,8,8,0,60,13,24,34,27,1,16,14,30,37,17,29,13,20,13,2,34,39,22,16,10,21,16,10,18,4,72,87,21,26,22,10,16,105,67,42,106,125,12,97,13,30,46,5,6,80,210,78,44,12,43,3,"1,118",343,883,838,53,188,112,63,288,120,187,271,146,131,"1,146",423,250,"2,724",357,"3,150",118,441,442,394,132,649,31,238,307,238,25,161,279,183,73,110,510,"2,016",378,"1,204",487,51,28,280,130,100,388,115,0,"24,461","18,970",0,"18,960",11,"1,060",-4,0,305,308,"8,135","53,236",,,,,,
J62,"Computer Programming, Consultancy And Related Activities  ",163,12,16,1,209,28,71,123,88,7,56,44,73,124,63,87,53,38,29,8,52,95,100,17,32,51,58,32,66,12,305,155,43,67,95,44,70,242,525,114,295,501,92,561,34,53,106,6,36,116,659,314,61,74,89,3,"2,137",594,"1,659","1,964",137,247,126,128,484,183,299,574,485,478,"1,388","8,431",424,"3,227",515,"2,502",211,28,773,749,550,"1,238",798,674,320,296,28,228,405,121,86,212,904,"2,283",991,"1,414",577,83,56,166,236,276,18,115,0,"46,281","3,643",79,"3,501",64,"23,311",-29,60,"2,453","2,661","12,389","90,769",,,,,,
J63,Information Service Activities  ,5,0,0,0,11,1,2,3,2,0,2,1,5,14,1,4,1,9,2,0,1,3,25,0,1,3,1,1,1,0,19,4,1,2,2,1,2,7,4,2,6,48,3,26,1,1,8,0,1,18,22,259,10,2,4,0,95,336,487,"1,088",50,51,5,23,105,95,10,28,56,73,"1,615",760,168,"1,023",246,85,120,4,44,34,204,283,36,163,86,159,1,118,15,27,33,5,392,87,60,41,20,33,3,115,10,10,9,84,0,"9,147",292,44,223,25,915,-5,0,16,16,"4,697","15,077",,,,,,
K64,"Financial Service Activities, Except Insurance And Pension Funding  ","1,085",21,34,18,"1,221",329,255,134,225,20,133,122,275,811,90,484,48,131,194,23,175,236,119,432,86,102,271,133,371,73,978,558,255,350,123,162,3,801,21,318,463,"1,307",88,"1,050",190,161,261,25,83,181,"1,350",373,230,65,470,6,"2,782",639,925,"1,314",145,782,149,300,"1,277",494,384,941,119,245,792,"1,046",92,"14,482","1,643",759,"1,174","15,230","6,726",591,446,603,874,321,586,453,68,559,41,291,50,358,315,"3,322","1,688",916,882,237,7,176,57,34,52,482,0,"83,369","32,002",0,"31,963",39,"1,086",-2,0,1,1,"53,796","170,254",,,,,,
K65.1-2 & K65.3,"Insurance, reinsurance and pension funding services, except compulsory social security",141,6,12,1,101,26,20,109,49,5,52,29,42,81,39,51,27,23,10,5,42,66,40,190,14,24,30,21,44,9,85,114,39,37,69,24,16,158,84,60,161,329,22,185,18,39,40,5,24,36,192,61,35,10,94,7,"1,532",258,784,996,83,265,80,251,255,77,138,408,89,274,256,511,55,353,"5,553",48,80,"1,973",315,144,79,292,243,124,163,106,15,122,176,172,22,90,237,246,359,249,152,46,10,35,99,47,13,83,0,"21,211","34,735",0,"34,665",70,230,-1,0,0,0,"10,276","66,451",,,,,,
K66,Activities Auxiliary To Financial Services And Insurance Activities  ,15,0,1,4,12,5,14,18,4,0,10,8,15,11,6,29,2,4,4,0,1,8,16,73,2,41,59,24,93,0,20,42,78,17,32,5,3,41,32,41,32,118,9,57,14,6,16,0,4,23,32,32,11,20,177,1,821,142,"3,091",729,75,158,556,452,180,97,40,158,71,58,350,"1,452",53,"11,552","9,436","12,885",242,13,169,434,78,"1,638","1,753",166,108,307,2,378,570,22,43,206,"1,055",125,158,93,33,9,3,43,25,25,29,44,0,"51,470","10,617",0,"10,611",6,570,-3,0,0,0,"25,339","87,993",,,,,,
L683,Real estate services on a fee or contract basis  ,1,0,0,0,1,0,0,1,0,0,1,0,1,1,0,1,0,0,0,0,1,3,1,0,0,1,0,0,1,0,1,4,0,0,1,0,0,6,1,1,2,3,0,1,0,1,2,0,0,1,3,3,0,0,2,1,90,14,52,115,4,8,3,10,17,1,13,30,5,18,511,30,2,105,52,7,379,32,69,22,4,18,19,5,22,5,1,6,4,4,0,3,16,49,48,36,10,1,1,6,7,2,0,7,0,"1,911","1,098",0,"1,083",14,"8,169",0,0,6,6,654,"11,844",,,,,,
L68A,Owner-Occupiers' Housing,0,0,0,0,0,0,0,0,0,0,0,0,0,0,0,0,0,0,0,0,0,0,0,0,0,0,0,0,0,0,0,0,0,0,0,0,0,0,0,0,0,0,0,0,0,0,0,0,0,0,0,0,0,0,0,0,0,0,0,0,0,0,0,0,0,0,0,0,0,0,0,0,0,0,0,0,0,0,0,0,0,0,0,0,0,0,0,0,0,0,0,0,0,0,0,0,0,0,0,0,0,0,0,0,0,0,"216,115",0,"216,115",0,0,0,0,0,0,569,"216,684",,,,,,
L68BXL683,"Buying and selling, renting and operating of own or leased real estate, excluding imputed rent",2,0,0,0,1,0,0,5,1,0,2,1,1,2,1,1,1,12,0,6,24,141,14,0,2,3,11,0,21,0,24,188,1,1,9,6,0,328,1,31,3,5,0,3,9,74,2,0,0,30,77,59,22,5,59,48,300,644,"2,905","6,797",0,393,143,522,"1,021",0,733,"1,836",242,466,767,"1,424",1,"1,545",309,89,259,75,"2,915","1,074",226,608,352,100,927,190,62,282,152,166,0,23,702,"2,514","2,246","2,180",582,9,19,190,384,1,22,398,0,"38,035","70,235",0,"69,251",984,38,0,0,28,28,690,"109,054",,,,,,
M691,Legal activities  ,5,3,6,0,104,35,135,48,59,1,44,63,95,91,17,95,117,51,22,7,4,28,7,14,35,42,85,20,87,56,224,49,124,37,65,7,33,27,295,98,120,60,8,27,11,20,25,30,5,33,596,194,43,6,37,9,"1,060",103,935,449,25,62,53,71,87,2,97,120,156,433,247,"1,230",752,"2,316",289,367,77,523,526,676,530,"1,529",178,145,160,71,15,917,349,67,19,61,344,"2,848",527,"1,969",684,32,17,122,336,307,12,42,0,"25,501","1,182",0,707,475,"4,226",258,0,0,0,"7,140","38,307",,,,,,
M692,"Accounting, bookkeeping and auditing activities; tax consultancy  ",30,18,13,0,27,5,20,30,18,0,24,47,60,76,25,137,0,61,39,8,24,44,25,1,24,67,47,4,36,27,86,124,26,21,21,0,2,108,40,55,131,86,15,32,10,27,73,21,8,46,621,243,28,2,38,39,208,286,"1,382",684,120,144,56,34,146,14,132,229,134,263,548,"3,257",130,"3,287",109,136,111,1,324,295,17,"1,341",271,98,357,309,28,242,585,233,24,75,"1,065",526,811,788,431,170,64,87,87,146,15,169,0,"22,809",150,0,148,1,172,-1,0,1,1,"6,658","29,790",,,,,,
M70,Activities Of Head Offices; Management Consultancy Activities  ,87,2,4,1,67,8,8,30,15,1,12,11,31,32,15,51,13,22,18,6,8,27,11,3,8,22,6,4,9,2,36,40,9,10,14,4,6,35,21,15,53,110,7,36,4,13,75,2,3,13,254,726,6,5,70,4,465,201,650,"1,498",339,145,48,191,118,28,76,107,73,368,570,956,258,"7,868",203,191,39,61,656,106,110,"1,168",196,230,379,266,7,151,332,184,8,31,201,"1,223",413,231,105,30,52,499,107,66,13,33,0,"23,355","1,331",137,"1,130",63,"1,186",-7,0,90,90,"24,917","50,962",,,,,,
M71,Architectural And Engineering Activities; Technical Testing And Analysis  ,50,2,8,2,297,25,114,78,24,13,25,21,24,62,17,10,9,23,5,5,6,14,8,45,3,38,57,3,111,26,261,37,204,69,30,67,4,332,39,117,245,42,18,838,14,12,34,1,3,84,255,147,187,9,260,6,"6,676",463,523,446,35,76,23,41,121,10,109,68,29,225,79,388,36,"1,791",212,266,51,"1,274",195,148,30,543,"8,673",391,92,215,2,36,44,146,17,39,90,"1,106",215,"1,774",85,83,7,31,80,30,1,10,0,"31,457","1,598",4,"1,569",25,"8,152",-455,0,162,167,"13,134","54,215",,,,,,
M72,Scientific Research And Development  ,60,4,4,0,26,7,8,36,30,3,16,13,26,40,38,21,15,11,6,3,13,23,15,7,4,14,11,8,22,4,48,30,16,15,20,10,7,54,34,32,66,94,7,70,6,14,27,1,2,14,66,42,10,2,34,1,466,95,198,217,29,60,12,29,40,9,37,108,53,138,52,191,35,478,70,66,12,52,67,29,21,90,328,"4,902",226,414,3,48,18,20,2,13,96,247,141,242,48,47,5,25,30,42,5,17,0,"10,784","2,282",375,"1,530",376,"13,246",-17,0,421,425,"6,124","33,265",,,,,,
M73,Advertising And Market Research  ,68,2,2,0,40,5,6,29,45,3,38,54,102,148,48,323,70,40,47,23,18,23,28,8,38,128,5,5,8,2,136,78,12,21,7,3,10,52,64,30,226,480,10,21,13,34,68,1,2,21,110,38,5,3,33,2,589,837,"2,136","2,926",87,91,49,115,151,17,316,417,406,"1,803",468,922,245,"1,439",12,133,169,192,173,170,97,276,113,436,"2,276",484,28,330,207,304,32,69,173,891,405,212,211,115,53,399,179,315,18,131,0,"24,450",579,58,505,16,325,-1,0,58,59,"6,051","31,521",,,,,,
M74,"Other Professional, Scientific And Technical Activities  ",176,1,1,0,7,1,5,46,117,10,15,21,146,149,284,68,65,6,2,17,3,26,12,3,3,35,10,9,33,9,94,15,6,23,4,4,4,15,96,84,16,31,7,22,21,49,130,0,0,5,110,5,2,3,90,0,119,360,933,751,34,254,27,9,42,2,56,48,263,"1,078",19,96,160,508,177,80,50,5,44,14,44,25,37,492,"2,254","4,243",2,205,3,46,1,6,524,460,429,418,93,444,16,7,120,268,1,58,0,"17,441","1,135",5,"1,126",4,205,-2,0,94,81,"3,935","22,889",,,,,,
M75,Veterinary Activities  ,300,0,7,0,0,0,0,1,0,0,1,0,0,1,0,0,0,0,0,0,0,1,0,0,0,0,0,0,0,0,1,1,0,0,0,0,0,1,1,1,1,2,0,1,0,0,0,0,0,0,1,0,0,0,0,0,9,1,2,3,1,1,0,1,1,0,1,3,1,7,1,3,0,1,0,1,0,0,8,1,0,1,1,2,0,0,130,1,0,0,0,0,1,7,2,4,1,0,0,0,0,0,0,0,0,523,"5,057",0,"3,840","1,217",16,0,0,11,11,20,"5,637",,,,,,
N77,Rental And Leasing Activities  ,404,11,47,15,291,94,9,82,38,2,62,13,57,53,20,31,19,13,6,3,37,50,41,13,19,15,15,24,32,6,7,87,62,54,122,14,3,185,32,36,96,68,21,31,9,33,28,12,8,77,78,32,29,25,392,32,"3,790",285,27,569,"1,338",755,366,"1,459",986,281,105,165,12,19,150,30,45,98,54,83,69,478,212,113,75,8,382,97,67,150,14,590,72,36,52,257,36,168,949,860,253,58,15,102,125,55,14,90,0,"19,108","10,682",0,"10,675",7,306,0,0,54,55,"5,375","35,579",,,,,,
N78,Employment Activities  ,357,2,5,0,527,36,11,395,223,4,60,33,237,322,33,69,40,32,19,7,52,44,97,44,37,39,16,24,77,12,181,194,44,22,15,20,208,115,127,88,329,596,228,144,50,76,126,9,27,107,347,38,127,24,245,11,"2,214",204,"1,506","2,298",106,"1,188",126,31,"1,312",383,280,255,194,90,243,834,154,"1,855",304,330,314,5,394,360,198,14,661,532,747,161,11,174,"12,024",159,40,119,377,829,"1,271","3,236","1,540",30,35,35,97,114,93,64,0,"43,897",605,10,588,8,155,-2,0,1,1,"3,716","48,372",,,,,,
N79,"Travel Agency, Tour Operator And Other Reservation Service And Related Activities  ",5,0,1,0,2,1,0,4,2,0,3,1,2,3,1,2,1,1,1,0,2,3,2,1,1,1,1,1,2,0,4,4,1,1,2,1,1,6,3,3,7,31,1,27,0,1,1,0,0,4,5,1,0,0,2,0,31,11,16,45,31,20,"1,059",117,84,1,611,45,4,17,43,22,1,591,2,370,13,1,10,5,11,175,4,3,3,2,1,2,5,"2,857",0,2,4,212,66,85,6,1,1,1,3,1,0,2,0,"6,748","18,778",0,"18,775",3,60,0,0,53,54,238,"25,931",,,,,,
N80,Security And Investigation Activities  ,1,0,0,0,1,0,0,0,0,0,1,0,0,0,0,0,0,0,0,0,0,0,0,0,0,0,0,0,0,0,0,1,0,0,0,0,0,1,0,0,1,1,0,1,0,0,0,0,0,0,1,1,0,3,101,0,"1,276",2,4,7,2,1,1,21,8,17,1,3,1,54,3,20,65,"1,079",6,25,0,10,105,1,1,2,1,55,1,35,0,1,0,0,"1,544",0,26,432,308,328,178,50,18,1,51,0,1,1,0,"5,865",236,0,234,3,120,0,0,3,3,418,"6,646",,,,,,
N81,Services To Buildings And Landscape Activities  ,3,0,0,0,2,1,1,2,1,0,3,1,1,2,1,1,1,1,0,0,1,3,1,0,0,1,1,1,1,0,3,6,1,1,2,1,1,7,2,2,5,5,1,3,0,2,1,0,0,19,214,37,1,0,165,2,"1,144",12,"1,036",99,5,88,3,137,185,18,496,449,5,61,16,652,288,687,176,156,142,596,"1,138",369,5,684,336,84,13,108,22,130,3,4,224,"6,449",74,609,"1,340",972,573,134,130,160,525,229,10,54,0,"21,345","2,172",0,"1,632",540,97,-1,0,27,28,613,"24,280",,,,,,
N82,"Office Administrative, Office Support And Other Business Support Activities  ",39,3,3,0,18,5,158,29,20,2,20,10,16,29,17,18,10,9,5,2,12,18,13,12,4,10,7,6,16,3,87,237,9,25,16,6,6,36,24,82,157,128,6,37,4,10,14,1,2,11,379,302,3,1,155,5,279,245,309,462,23,449,7,88,555,9,145,345,36,356,256,290,119,176,145,165,11,15,232,157,75,327,47,54,92,107,23,22,62,164,3,48,"5,111","1,015",549,"1,004",307,17,28,109,119,425,3,13,0,"16,858","1,959",11,"1,936",13,469,-3,0,372,375,"25,538","45,568",,,,,,
O84,Public Administration And Defence; Compulsory Social Security  ,12,2,0,2,3,1,1,8,12,2,1,10,10,19,8,39,7,14,4,7,5,16,1,17,16,11,28,0,0,7,166,27,1,9,11,18,3,73,12,13,61,68,6,44,7,18,22,1,3,3,11,11,9,2,23,0,"1,430",45,117,524,165,"2,092",26,108,42,120,36,94,15,23,41,180,8,167,27,62,4,8,"5,352",16,15,80,"3,956",397,6,19,3,4,76,4,6,35,94,302,18,99,9,10,3,13,11,14,3,3,0,"16,771","149,324","144,655","4,647",22,"2,625",-2,0,0,0,"2,593","171,311",,,,,,
P85,Education  ,7,0,1,0,12,2,3,3,3,0,7,1,3,4,2,12,2,13,7,0,2,3,3,0,8,5,2,1,27,0,234,46,2,8,4,9,4,30,128,11,7,16,4,57,1,2,5,0,2,5,28,15,5,12,31,1,152,33,80,159,22,92,20,158,145,19,98,107,15,38,278,"1,106",19,"1,357",317,324,12,8,241,384,433,518,96,"2,429",352,285,1,17,266,548,26,9,261,"5,529","13,045",362,862,7,3,9,32,36,9,36,0,"31,156","112,929","63,279","23,482","26,168","6,999",-6,0,6,6,"15,303","166,394",,,,,,
Q86,Human Health Activities,7,1,1,0,12,1,1,6,4,0,4,2,2,5,2,12,2,2,1,0,3,4,3,1,1,2,2,1,3,1,198,30,2,8,4,3,4,22,79,11,11,15,2,11,1,2,2,0,1,2,8,3,11,1,13,0,52,8,26,33,2,4,2,4,8,2,8,25,7,13,15,91,5,78,130,31,3,1,13,10,6,14,9,266,4,3,1,4,50,1,1,3,10,227,18,"3,196",9,1,1,2,40,3,0,3,0,"4,970","166,427","150,391","13,309","2,727",898,-1,0,80,81,601,"173,056",,,,,,
Q87 & Q88,Residential Care  & Social Work Activities,5,0,1,0,4,1,1,3,2,0,8,1,2,3,1,1,1,1,0,0,2,2,1,1,1,1,1,1,2,0,4,4,1,1,2,1,1,5,3,2,5,6,1,4,0,1,1,0,0,2,5,3,1,1,4,0,73,7,23,38,12,8,4,16,14,3,11,30,4,6,10,49,3,27,6,13,3,6,18,9,4,11,8,6,6,4,1,7,2,2,1,3,8,37,35,"1,380","10,308",2,2,2,7,3,0,3,0,"12,336","66,250","38,794","16,896","10,560",151,-1,0,28,28,234,"79,027",,,,,,
R90,"Creative, Arts And Entertainment Activities  ",3,0,0,0,1,0,1,1,2,0,1,0,2,2,3,1,1,0,0,0,0,1,0,0,0,1,0,0,1,0,2,1,0,1,1,0,0,1,2,2,2,2,0,1,0,1,2,0,0,0,3,1,0,0,23,0,14,6,15,16,2,5,1,2,4,0,3,6,140,747,3,8,3,37,3,9,1,1,4,2,1,3,4,7,25,45,0,3,1,1,0,1,127,265,65,38,85,"2,290",34,1,193,5,0,2,0,"4,298","7,035",198,"4,695","2,142",372,-1,-310,88,"3,097",427,"15,007",,,,,,
R91,"Libraries, Archives, Museums And Other Cultural Activities  ",1,0,0,0,0,0,0,0,0,0,0,0,0,1,0,0,0,0,0,0,0,0,0,0,0,0,0,0,0,0,1,0,0,0,0,0,0,1,0,0,1,2,0,1,0,0,0,0,0,0,1,0,0,0,8,0,9,1,3,3,0,1,0,0,1,0,1,2,1,2,1,8,0,3,4,2,0,0,8,1,1,1,1,2,1,2,0,0,0,0,0,0,1,180,34,53,20,9,133,0,69,0,0,0,0,587,"1,702","1,082",447,174,29,0,583,22,722,473,"4,118",,,,,,
R92,Gambling And Betting Activities  ,2,0,0,0,4,0,1,1,1,0,1,0,1,1,1,1,1,0,0,0,0,1,1,0,0,1,1,0,1,0,4,2,0,1,1,0,1,3,2,1,2,6,2,9,1,1,1,0,1,2,12,8,1,2,2,0,64,14,34,49,4,5,3,4,11,4,21,9,6,7,37,174,9,422,12,49,5,2,25,16,13,27,12,7,7,7,0,6,10,2,1,3,18,33,17,21,11,1,1,759,6,4,0,3,0,"2,039","8,157",0,"8,157",1,427,-3,0,0,0,449,"11,070",,,,,,
R93,Sports Activities And Amusement And Recreation Activities  ,9,0,1,0,5,1,1,6,5,0,5,5,8,13,5,39,5,4,4,2,2,3,3,1,3,9,1,1,3,0,12,8,2,2,3,1,2,8,7,4,20,40,2,6,1,3,6,0,0,3,11,4,1,0,20,0,71,55,140,189,8,13,4,11,17,3,24,39,29,309,32,80,17,163,33,22,11,13,18,14,8,21,12,139,140,39,2,22,35,135,5,11,28,221,89,40,54,17,32,89,60,35,1,10,0,"2,872","17,608","2,310","14,717",580,381,-2,-1,24,30,"1,254","22,167",,,,,,
S94,Activities Of Membership Organisations  ,2,2,0,0,1,0,0,3,1,0,1,0,1,1,1,1,0,0,0,0,1,1,1,0,1,1,0,0,1,0,9,8,0,0,3,1,1,8,10,2,2,3,0,2,0,1,1,0,0,4,3,1,0,0,2,0,18,4,12,18,3,3,1,7,15,1,4,8,14,167,5,25,3,314,27,34,1,1,7,4,2,5,3,2,74,96,0,3,83,1,24,10,128,200,238,12,693,47,6,17,59,695,0,1,0,"3,180","13,000",0,"7,025","5,975",54,0,0,12,12,112,"16,368",,,,,,
S95,Repair Of Computers And Personal And Household Goods  ,4,0,0,0,2,1,1,3,2,0,2,1,1,3,1,2,1,1,1,0,1,2,2,1,0,1,1,1,2,0,4,3,1,1,2,1,1,4,3,2,6,8,1,5,0,1,1,0,0,1,4,2,0,0,18,0,27,3,10,10,1,3,1,3,5,1,4,13,3,12,5,30,2,103,2,9,1,11,4,3,2,5,3,8,1,1,0,1,1,1,0,1,11,993,8,481,118,1,8,1,21,2,181,1,0,"2,220","1,323",0,"1,322",1,94,0,1,50,50,513,"4,250",,,,,,
S96,Other Personal Service Activities  ,9,1,32,0,3,1,1,7,4,0,5,3,3,7,3,3,2,2,1,0,3,5,3,1,1,2,2,2,4,1,8,7,3,4,4,3,1,13,17,5,13,17,1,9,1,2,3,0,0,3,7,1,1,0,3,0,128,5,20,25,3,5,2,5,11,1,8,166,17,358,5,14,1,281,11,22,1,7,18,4,1,5,5,6,3,2,2,11,4,1,0,3,7,427,18,529,158,1,1,1,4,2,0,"1,425",0,"3,976","25,169",0,"25,166",3,180,-3,0,101,100,252,"29,774",,,,,,
T97,Activities Of Households As Employers Of Domestic Personnel  ,0,0,0,0,0,0,0,0,0,0,0,0,0,0,0,0,0,0,0,0,0,0,0,0,0,0,0,0,0,0,0,0,0,0,0,0,0,0,0,0,0,0,0,0,0,0,0,0,0,0,0,0,0,0,0,0,0,0,0,0,0,0,0,0,0,0,0,0,0,0,0,0,0,0,0,0,0,0,0,0,0,0,0,0,0,0,0,0,0,0,0,0,0,0,0,0,0,0,0,0,0,0,0,0,0,0,"3,891",0,"3,891",0,0,0,0,0,0,26,"3,917",,,,,,
_T,Total intermediate use at basic prices,"17,877",904,"1,060",197,"10,142","2,900","2,840","13,951","6,383",335,"7,169","3,695","5,846","10,254","4,928","5,788","3,397","1,918","1,293",363,"2,668","4,898","3,915","3,516","1,247","2,357","1,959","1,745","4,915",739,"8,651","8,049","3,736","3,152","3,649","1,250","2,137","9,729","7,589","4,493","13,358","25,215","2,154","13,424","1,014","2,974","3,602",376,"2,364","4,354","65,456","19,745","3,418","1,726","11,279",329,"197,260","21,841","55,537","54,696","9,407","21,903","7,229","12,043","23,364","6,708","11,366","30,429","9,053","22,333","13,020","29,868","5,051","73,089","23,966","28,469","4,434","30,716","35,911","7,770","4,530","16,362","23,667","17,048","12,785","11,850","1,224","10,641","17,105","11,715","2,695","11,830","17,742","58,959","40,660","50,482","27,212","5,412","1,636","4,678","6,856","6,192","1,271","5,597",0,"1,456,034","1,458,586","420,413","985,538","52,635","311,216","2,785","2,873","130,361","129,668","332,910","3,824,433",,,,,,
,"Use of imported products, cif",713,26,335,7,"1,239",960,959,911,573,332,363,"1,223",391,"1,761",675,822,423,"1,053",199,149,"2,575","2,667","2,152","22,918",767,"1,460","2,105","1,456","3,461",593,"5,210","7,147","1,179","1,374","2,401","2,749",548,"6,624","2,666","3,658","10,065","21,532",416,"5,007",777,"1,099","1,819",76,569,"1,581","6,059","2,173",170,29,"2,805",12,"9,229","4,321","14,589","7,692",494,"3,142","1,020","6,788","2,952","1,088",782,"2,735","1,405","5,354","6,125","10,279","1,344","7,127","8,918","7,130",257,14,786,"1,172","1,464","10,404","7,140","1,883",815,788,178,912,"2,637","2,936",150,405,"4,902","7,638","2,704","10,534",788,455,149,383,"1,106",693,320,665,0,"305,805","280,148","5,166","274,980",2,"53,419",-154,2,"36,521","59,563",498,"735,802",,,,,,
,Taxes less subsidies on products,479,17,29,4,120,116,11,56,12,4,18,12,31,37,27,319,24,12,4,2,28,40,22,842,8,13,24,27,221,8,43,77,93,148,39,14,7,98,31,27,85,205,26,63,9,22,31,2,9,86,"1,049",82,35,137,"1,759",6,"6,656",272,"1,642",626,4,"1,793",396,"2,251",530,907,695,"2,630",25,103,80,105,19,"6,804","2,756","2,918",57,237,492,28,47,294,181,-165,50,112,13,132,63,507,26,94,144,"6,911","3,391","6,596","2,688",670,17,269,855,128,6,632,0,"62,437","126,886",0,"127,146",-260,"38,730",0,5,"3,777","3,612","2,744","238,191",,,,,,
,Total intermediate use at purchaser's prices,"19,069",947,"1,424",208,"11,501","3,976","3,810","14,918","6,968",671,"7,550","4,930","6,268","12,052","5,630","6,929","3,844","2,983","1,496",514,"5,271","7,605","6,089","27,276","2,022","3,830","4,088","3,228","8,597","1,340","13,904","15,273","5,008","4,674","6,089","4,013","2,692","16,451","10,286","8,178","23,508","46,952","2,596","18,494","1,800","4,095","5,452",454,"2,942","6,021","72,564","22,000","3,623","1,892","15,843",347,"213,145","26,434","71,768","63,014","9,905","26,838","8,645","21,082","26,846","8,703","12,843","35,794","10,483","27,790","19,225","40,252","6,414","87,020","35,640","38,517","4,748","30,967","37,189","8,970","6,041","27,060","30,988","18,766","13,650","12,750","1,415","11,685","19,805","15,158","2,871","12,329","22,788","73,508","46,755","67,612","30,688","6,537","1,802","5,330","8,817","7,013","1,597","6,894",0,"1,824,276","1,865,620","425,579","1,387,664","52,377","403,365","2,631","2,880","170,659","192,843","336,152","4,798,426",,,,,,
D1,Compensation of employees,"3,658",506,388,80,"2,235",917,"1,130","3,746","1,893",122,"1,180",769,"3,078","4,597",779,"1,455",788,"2,464","1,507",289,"2,223","3,269","3,356",796,"1,062","2,160","1,033",580,"1,565",532,"6,061","6,336","2,013","1,845","1,627","1,232","1,138","11,178","9,717","3,892","8,919","10,124","1,507","5,607",530,"3,130","3,418",547,"1,318","3,631","5,585","2,090","2,181","1,544","4,823",199,"54,041","22,559","51,539","58,738","4,130","18,143","3,423","4,123","17,959","9,112","10,367","32,986","6,413","9,672","18,276","39,810","5,324","43,698","8,428","26,913","4,811",0,"13,156","13,154","14,732","18,788","18,828","8,129","8,622","7,875","2,747","11,665","22,962","6,596","2,208","6,563","14,990","68,858","91,989","80,589","41,880","3,541","1,756","2,836","8,950","7,678","1,396","6,938","3,917","1,090,157",,,,,,,,,,,,,,,,,
GOS & MI,Gross operating surplus and mixed income,"10,157",466,367,90,"15,832",959,337,"1,307",774,52,"1,198",524,910,"2,204",610,"2,658","1,293","1,595",917,223,"1,398","1,137","1,537","2,546",334,"2,186",958,453,"1,186",435,"7,837","1,489","1,423",799,756,843,227,"4,812","3,726","1,067","5,734","6,051",389,"2,799",309,"1,022","1,859",339,617,"2,099","15,415","3,888","5,585","6,470","2,520",230,"69,052","5,239","26,792","32,683","1,308","6,240","3,123","1,497","6,078","3,041","6,302","7,792","5,362","12,525","15,184","10,261","3,380","37,165","21,761","22,208","1,949","185,717","59,998","15,809","8,881","4,544","3,994","6,414","9,179","2,134","1,606","11,890","5,397","4,101","1,549","5,277","7,321","28,945","27,038","24,694","6,127","4,893",556,"2,741","3,925","1,568","1,225","15,679",0,"883,092",,,,,,,,,,,,,,,,,
D29-D39,Taxes less subsidies on production,"-2,012",-3,4,-12,135,49,25,-4,-9,-42,-23,-23,33,62,-25,-12,-27,7,-14,-35,26,62,57,115,-26,-12,-20,-14,18,-34,31,133,79,51,110,-3,-34,283,77,45,155,134,-12,17,-33,156,51,-38,-26,14,"2,052",481,572,132,176,3,"1,676","1,049","1,837","7,347",199,804,111,12,"1,086",171,"1,132","1,977",-19,"-1,595",551,446,-41,"2,371",622,355,336,0,"-1,289",374,136,570,405,-44,70,130,-131,339,208,76,18,111,469,0,612,161,332,36,4,163,475,109,32,263,0,"26,908",,,,,,,,,,,,,,,,,
GVA,Gross value added,"11,803",969,759,158,"18,202","1,925","1,492","5,049","2,658",132,"2,355","1,270","4,021","6,863","1,364","4,101","2,054","4,066","2,410",477,"3,647","4,468","4,950","3,457","1,370","4,334","1,971","1,019","2,769",933,"13,929","7,958","3,515","2,695","2,493","2,072","1,331","16,273","13,520","5,004","14,808","16,309","1,884","8,423",806,"4,308","5,328",848,"1,909","5,744","23,052","6,459","8,338","8,146","7,519",432,"124,769","28,847","80,168","98,768","5,637","25,187","6,657","5,632","25,123","12,324","17,801","42,755","11,756","20,602","34,011","50,517","8,663","83,234","30,811","49,476","7,096","185,717","71,865","29,337","23,749","23,902","23,227","14,499","17,871","10,139","4,222","23,894","28,567","10,773","3,775","11,951","22,780","97,803","119,639","105,444","48,339","8,470","2,316","5,740","13,350","9,355","2,653","22,880","3,917","2,000,157",,,,,,,,,,,,,,,,,
P1,Total output at basic prices,"30,872","1,916","2,183",366,"29,703","5,901","5,302","19,967","9,626",803,"9,905","6,200","10,289","18,915","6,994","11,030","5,898","7,049","3,906",991,"8,918","12,073","11,039","30,733","3,392","8,164","6,059","4,247","11,366","2,273","27,833","23,231","8,523","7,369","8,582","6,085","4,023","32,724","23,806","13,182","38,316","63,261","4,480","26,917","2,606","8,403","10,780","1,302","4,851","11,765","95,616","28,459","11,961","10,038","23,362",779,"337,914","55,281","151,936","161,782","15,542","52,025","15,302","26,714","51,969","21,027","30,644","78,549","22,239","48,392","53,236","90,769","15,077","170,254","66,451","87,993","11,844","216,684","109,054","38,307","29,790","50,962","54,215","33,265","31,521","22,889","5,637","35,579","48,372","25,931","6,646","24,280","45,568","171,311","166,394","173,056","79,027","15,007","4,118","11,070","22,167","16,368","4,250","29,774","3,917","3,824,433",,,,,,,,,,,,,,,,,
,,,,,,,,,,,,,,,,,,,,,,,,,,,,,,,,,,,,,,,,,,,,,,,,,,,,,,,,,,,,,,,,,,,,,,,,,,,,,,,,,,,,,,,,,,,,,,,,,,,,,,,,,,,,,,,,,,,,,,,,,,,,
,,,,,,,,,,,,,,,,,,,,,,,,,,,,,,,,,,,,,,,,,,,,,,,,,,,,,,,,,,,,,,,,,,,,,,,,,,,,,,,,,,,,,,,,,,,,,,,,,,,,,,,,,,,,,,,,,,,,,,,,,,,,
,,,,,,,,,,,,,,,,,,,,,,,,,,,,,,,,,,,,,,,,,,,,,,,,,,,,,,,,,,,,,,,,,,,,,,,,,,,,,,,,,,,,,,,,,,,,,,,,,,,,,,,,,,,,,,,,,,,,,,,,,,,,
,,,,,,,,,,,,,,,,,,,,,,,,,,,,,,,,,,,,,,,,,,,,,,,,,,,,,,,,,,,,,,,,,,,,,,,,,,,,,,,,,,,,,,,,,,,,,,,,,,,,,,,,,,,,,,,,,,,,,,,,,,,,
,,,,,,,,,,,,,,,,,,,,,,,,,,,,,,,,,,,,,,,,,,,,,,,,,,,,,,,,,,,,,,,,,,,,,,,,,,,,,,,,,,,,,,,,,,,,,,,,,,,,,,,,,,,,,,,,,,,,,,,,,,,,
,,,,,,,,,,,,,,,,,,,,,,,,,,,,,,,,,,,,,,,,,,,,,,,,,,,,,,,,,,,,,,,,,,,,,,,,,,,,,,,,,,,,,,,,,,,,,,,,,,,,,,,,,,,,,,,,,,,,,,,,,,,,
,,,,,,,,,,,,,,,,,,,,,,,,,,,,,,,,,,,,,,,,,,,,,,,,,,,,,,,,,,,,,,,,,,,,,,,,,,,,,,,,,,,,,,,,,,,,,,,,,,,,,,,,,,,,,,,,,,,,,,,,,,,,
,,,,,,,,,,,,,,,,,,,,,,,,,,,,,,,,,,,,,,,,,,,,,,,,,,,,,,,,,,,,,,,,,,,,,,,,,,,,,,,,,,,,,,,,,,,,,,,,,,,,,,,,,,,,,,,,,,,,,,,,,,,,
,,,,,,,,,,,,,,,,,,,,,,,,,,,,,,,,,,,,,,,,,,,,,,,,,,,,,,,,,,,,,,,,,,,,,,,,,,,,,,,,,,,,,,,,,,,,,,,,,,,,,,,,,,,,,,,,,,,,,,,,,,,,
,,,,,,,,,,,,,,,,,,,,,,,,,,,,,,,,,,,,,,,,,,,,,,,,,,,,,,,,,,,,,,,,,,,,,,,,,,,,,,,,,,,,,,,,,,,,,,,,,,,,,,,,,,,,,,,,,,,,,,,,,,,,
,,,,,,,,,,,,,,,,,,,,,,,,,,,,,,,,,,,,,,,,,,,,,,,,,,,,,,,,,,,,,,,,,,,,,,,,,,,,,,,,,,,,,,,,,,,,,,,,,,,,,,,,,,,,,,,,,,,,,,,,,,,,
,,,,,,,,,,,,,,,,,,,,,,,,,,,,,,,,,,,,,,,,,,,,,,,,,,,,,,,,,,,,,,,,,,,,,,,,,,,,,,,,,,,,,,,,,,,,,,,,,,,,,,,,,,,,,,,,,,,,,,,,,,,,
,,,,,,,,,,,,,,,,,,,,,,,,,,,,,,,,,,,,,,,,,,,,,,,,,,,,,,,,,,,,,,,,,,,,,,,,,,,,,,,,,,,,,,,,,,,,,,,,,,,,,,,,,,,,,,,,,,,,,,,,,,,,
,,,,,,,,,,,,,,,,,,,,,,,,,,,,,,,,,,,,,,,,,,,,,,,,,,,,,,,,,,,,,,,,,,,,,,,,,,,,,,,,,,,,,,,,,,,,,,,,,,,,,,,,,,,,,,,,,,,,,,,,,,,,
,,,,,,,,,,,,,,,,,,,,,,,,,,,,,,,,,,,,,,,,,,,,,,,,,,,,,,,,,,,,,,,,,,,,,,,,,,,,,,,,,,,,,,,,,,,,,,,,,,,,,,,,,,,,,,,,,,,,,,,,,,,,
,,,,,,,,,,,,,,,,,,,,,,,,,,,,,,,,,,,,,,,,,,,,,,,,,,,,,,,,,,,,,,,,,,,,,,,,,,,,,,,,,,,,,,,,,,,,,,,,,,,,,,,,,,,,,,,,,,,,,,,,,,,,
,,,,,,,,,,,,,,,,,,,,,,,,,,,,,,,,,,,,,,,,,,,,,,,,,,,,,,,,,,,,,,,,,,,,,,,,,,,,,,,,,,,,,,,,,,,,,,,,,,,,,,,,,,,,,,,,,,,,,,,,,,,,
,,,,,,,,,,,,,,,,,,,,,,,,,,,,,,,,,,,,,,,,,,,,,,,,,,,,,,,,,,,,,,,,,,,,,,,,,,,,,,,,,,,,,,,,,,,,,,,,,,,,,,,,,,,,,,,,,,,,,,,,,,,,
,,,,,,,,,,,,,,,,,,,,,,,,,,,,,,,,,,,,,,,,,,,,,,,,,,,,,,,,,,,,,,,,,,,,,,,,,,,,,,,,,,,,,,,,,,,,,,,,,,,,,,,,,,,,,,,,,,,,,,,,,,,,
